name,kind,date,area_total_m2,area_paid_final_m2,land_won,levy_won,construction_won,infra_won,relocation_won,labor_won,sales_won,admin_won,capital_won,etc_won,total_won,construction_per_m2,infra_per_m2,levy_per_m2,labor_rate_pct,sales_rate_pct,admin_rate_pct,capital_rate_pct,etc_rate_pct,unit_cost_won_per_m2,source,source_url
괴산미니복합타운,최초 산정,2026-07-30,203393,134149,31117419000,1567181000,12915095000,274153000,17970000,917836000,173196000,1170241000,6790839000,9362000,54953292000,63498,1348,7705,2.0,0.37,2.5,3.42,0.02,409644,LH 조성원가 공개사업지구 조성원가 산정표,https://www.lh.or.kr/board.es?mid=a10403010400&bid=0029&act=view&list_no=733302
의정부우정 공공주택지구,최초 산정,2026-07-23,511959,266458,463953874000,7189931000,130663460000,65131294000,5787879000,13454529000,2538870000,22300881000,46223240000,205854000,757449812000,255223,127220,14044,2.0,0.37,3.25,2.52,0.03,2842527,LH 조성원가 공개사업지구 조성원가 산정표,https://www.lh.or.kr/board.es?mid=a10403010400&bid=0029&act=view&list_no=733192
남양주진접2 공공주택지구,최초 산정,2026-07-15,1292471,639801,847562964000,25497620000,454843706000,770094438000,9994691000,42159868000,7955567000,53753832000,196660961000,430031000,2408953679000,351918,595831,19728,2.0,0.37,2.5,3.42,0.02,3765161,LH 조성원가 공개사업지구 조성원가 산정표,https://www.lh.or.kr/board.es?mid=a10403010400&bid=0029&act=view&list_no=733133
시흥하중 공공주택지구,최초 산정,2026-06-01,462549,239590,266002544000,8249355000,129688113000,116467598000,3777308000,10483698000,1978274000,17376730000,22544428000,160401000,576728449000,280377,251795,17835,2.0,0.37,3.25,2.52,0.03,2407147,LH 조성원가 공개사업지구 조성원가 산정표,https://www.lh.or.kr/board.es?mid=a10403010400&bid=0029&act=view&list_no=732546
성남낙생 공공주택지구,최초 산정,2026-05-27,580401,222726,661359754000,7932287000,364284754000,44533575000,9353503000,21749278000,4104089000,36049427000,71375712000,332764000,1221075143000,627643,76729,13667,2.0,0.37,3.25,2.52,0.03,5482410,LH 조성원가 공개사업지구 조성원가 산정표,https://www.lh.or.kr/board.es?mid=a10403010400&bid=0029&act=view&list_no=732533
사천선인 공공주택지구,최초 산정,2025-12-30,524483,292309,216512378000,9172957000,136141019000,26030873000,24000000,6632769000,1380799000,8837113000,44028130000,78903000,448838941000,259572,49631,17490,1.71,0.35,2.24,,0.02,1535495,LH 조성원가 공개사업지구 조성원가 산정표,https://www.lh.or.kr/board.es?mid=a10403010400&bid=0029&act=view&list_no=730230
광주선운2 공공주택지구,재산정,2025-10-30,398046,215540,239786725000,7658448000,90823866000,15957069000,1569514000,7115912000,1415355000,10306688000,30543658000,108873000,405286108000,228174,40089,19240,2.0,0.39,2.84,2.92,0.03,1880333,LH 조성원가 공개사업지구 조성원가 산정표,https://www.lh.or.kr/board.es?mid=a10403010400&bid=0029&act=view&list_no=727336
수원당수 공공주택지구,최초 산정,2025-10-23,948967,493720,439244690000,17361912000,243441875000,295826108000,438093000,17036947000,3546724000,22699032000,49486837000,202670000,1089284887000,256534,311735,18296,1.71,0.35,2.24,3.46,0.02,2206265,LH 조성원가 공개사업지구 조성원가 산정표,https://www.lh.or.kr/board.es?mid=a10403010400&bid=0029&act=view&list_no=727213
수서역세권 공공주택지구,최초 산정,2024-12-27,386479,120655,459855779000,3529875000,139010120000,164747203000,0,13348288000,2809769000,20058625000,73840169000,156098000,877355926000,359684,426277,9133,1.74,0.36,2.57,3.41,0.02,7271609,LH 조성원가 공개사업지구 조성원가 산정표,https://www.lh.or.kr/board.es?mid=a10403010400&bid=0029&act=view&list_no=722633
김포고촌2 공공주택지구,최초 산정,2024-12-17,41414,26167,28686383000,614193000,18778644000,7193026000,24000000,1105925000,208688000,1410054000,6441821000,11280000,64474016000,453437,173686,14831,2.0,0.37,2.5,3.42,0.02,2463944,LH 조성원가 공개사업지구 조성원가 산정표,https://www.lh.or.kr/board.es?mid=a10403010400&bid=0029&act=view&list_no=722509
서울양원지구,2차 재산정,2024-11-27,347148,165326,383630000000,5441000000,79684000000,17743000000,10042000000,4618000000,952000000,6816000000,20920000000,50000000,529896000000,229539,51111,15673,0.93,0.19,1.36,4.96,0.01,3205167,LH 조성원가 공개사업지구 조성원가 산정표,https://www.lh.or.kr/board.es?mid=a10403010400&bid=0029&act=view&list_no=722200
의왕월암 공공주택지구,최초 산정,2024-10-07,524848,264996,326604394000,9662687000,169037999000,101302530000,6035127000,12252855000,2437093000,17747034000,40991912000,187468000,686259099000,322070,193013,18410,2.0,0.39,2.84,,0.03,2589696,LH 조성원가 공개사업지구 조성원가 산정표,https://www.lh.or.kr/board.es?mid=a10403010400&bid=0029&act=view&list_no=721307
울산다운2지구,최초 산정,2023-07-19,1862967,883001,321892398000,8200429000,335124126000,229536533000,3573264000,8803602000,1632835000,13334816000,43632508000,90713000,965821223000,179887,123210,4402,0.98,0.18,1.47,2.8,0.01,1093794,LH 조성원가 공개사업지구 조성원가 산정표,https://www.lh.or.kr/board.es?mid=a10403010400&bid=0029&act=view&list_no=643457
창원명곡 공공주택지구,최초 산정,2023-05-19,116215,53915,58638606000,1245691000,27874783000,5658189000,1290872000,1894163000,357429000,2415058000,3537822000,19320000,102931933000,239855,48687,10719,2.0,0.37,2.5,,0.02,1909152,LH 조성원가 공개사업지구 조성원가 산정표,https://www.lh.or.kr/board.es?mid=a10403010400&bid=0029&act=view&list_no=643456
양산사송 공공주택지구,2차 재산정,2023-04-04,2766465,1237862,373832266000,14508780000,314845743000,285986547000,10859597000,13256437000,2724735000,17389059000,249166965000,0,1282570128000,113808,103376,5245,1.33,0.2689,1.72,,0.0,1036117,LH 조성원가 공개사업지구 조성원가 산정표,https://www.lh.or.kr/board.es?mid=a10403010400&bid=0029&act=view&list_no=643455
고양장항 공공주택지구,최초 산정,2022-12-23,1562123,837415,921298639000,32218191000,417803994000,262456323000,6302186000,28045357000,5838436000,37365993000,75773431000,333625000,1787436175000,267459,168013,20625,1.71,0.35,2.24,3.46,0.02,2134469,LH 조성원가 공개사업지구 조성원가 산정표,https://www.lh.or.kr/board.es?mid=a10403010400&bid=0029&act=view&list_no=643453
경산대임 공공주택지구,최초 산정,2022-12-07,1673141,854638,1084741204000,34256536000,407048304000,316711621000,2851007000,36912173000,7341831000,53463592000,150120211000,564756000,2094011235000,243284,189292,20474,2.0,0.39,2.84,2.92,0.03,2450173,LH 조성원가 공개사업지구 조성원가 산정표,https://www.lh.or.kr/board.es?mid=a10403010400&bid=0029&act=view&list_no=643452
성남금토지구,최초 산정,2022-10-31,582962,290947,867203167000,9828622000,209687382000,371969604000,28435998000,28106658000,7576157000,40153633000,87449927000,454569000,1650865717000,359693,638068,16860,1.89,0.5,2.65,2.57,0.03,5674111,LH 조성원가 공개사업지구 조성원가 산정표,https://www.lh.or.kr/board.es?mid=a10403010400&bid=0029&act=view&list_no=643449
광주선운2,최초 산정,2021-11-22,398461,215794,229622204000,7749958000,84917894000,13667208000,1139903000,6741943000,1340973000,9765031000,21518680000,103152000,376566944000,213115,34300,19450,2.0,0.39,2.84,2.92,0.03,1745030,LH 조성원가 공개사업지구 조성원가 산정표,https://www.lh.or.kr/board.es?mid=a10403010400&bid=0029&act=view&list_no=643446
의왕고천,최초 산정,2020-10-20,542850,242531,372748775000,7035551000,127156636000,68234674000,2046103000,9697325000,1819449000,10271084000,30990002000,117383000,630116983000,234239,125697,12960,1.68,0.31,1.75,3.82,0.02,2598088,LH 조성원가 공개사업지구 조성원가 산정표,https://www.lh.or.kr/board.es?mid=a10403010400&bid=0029&act=view&list_no=643438
오산세교2지구,재산정,2020-02-14,2807069,1390687,1184173000000,38891000000,329989000000,431149000000,32371000000,24084000000,5244000000,30167000000,558516000000,0,2634584000000,117556,153594,13855,1.1943,0.257,1.4783,2.3907,0.0,1894448,LH 조성원가 공개사업지구 조성원가 산정표,https://www.lh.or.kr/board.es?mid=a10403010400&bid=0029&act=view&list_no=643433
부산장안 택지개발사업지구(2단계),최초 산정,2019-09-23,270033,147632,88219795000,5146482000,44127152000,23798547000,0,2709705000,295203000,2230423000,9307469000,32800000,175867576000,163414,88132,19059,1.68,0.18,1.36,3.17,0.02,1191256,LH 조성원가 공개사업지구 조성원가 산정표,https://www.lh.or.kr/board.es?mid=a10403010400&bid=0029&act=view&list_no=643427
