name,generation,total_area_m2,population,households,housing_pct,commercial_pct,self_sufficient_pct,park_green_pct,road_pct,school_pct,other_public_pct,source,source_url,note
분당,1기,19639000,390320,97580,32.3,8.4,,19.4,19.7,3.7,16.5,"국토교통부 정책정보 「제1기 신도시 건설안내」(신도시택지개발과, 등록 2015-10-27) 도시별 토지이용계획 표",https://www.molit.go.kr/USR/policyData/m_34681/dtl?id=523,"기준 시점은 출처에 명시 없음(1995~96년 준공 사업을 국토부가 정리한 정책자료). 면적은 천㎡ 단위 표기값×1000. housing=주거지역(주택용지), commercial=상업지역+업무지역, other_public=공용의청사+기타. 출처 표에 자족시설·도시지원시설 구분이 없어 self_sufficient_pct는 빈칸(업무지역은 commercial에 포함). 비율은 표의 면적으로 재계산(출처 표기 비율과 일치)."
일산,1기,15736000,276000,69000,33.4,7.8,,23.5,20.9,3.7,10.6,"국토교통부 정책정보 「제1기 신도시 건설안내」(신도시택지개발과, 등록 2015-10-27) 도시별 토지이용계획 표",https://www.molit.go.kr/USR/policyData/m_34681/dtl?id=523,"기준 시점은 출처에 명시 없음(1995~96년 준공 사업을 국토부가 정리한 정책자료). 면적은 천㎡ 단위 표기값×1000. housing=주거지역(주택용지), commercial=상업지역+업무지역, other_public=공용의청사+기타. 출처 표에 자족시설·도시지원시설 구분이 없어 self_sufficient_pct는 빈칸(업무지역은 commercial에 포함). 비율은 표의 면적으로 재계산(출처 표기 비율과 일치)."
평촌,1기,5106000,168188,42047,37.8,4.8,,15.7,23.2,6.7,11.7,"국토교통부 정책정보 「제1기 신도시 건설안내」(신도시택지개발과, 등록 2015-10-27) 도시별 토지이용계획 표",https://www.molit.go.kr/USR/policyData/m_34681/dtl?id=523,"기준 시점은 출처에 명시 없음(1995~96년 준공 사업을 국토부가 정리한 정책자료). 면적은 천㎡ 단위 표기값×1000. housing=주거지역(주택용지), commercial=상업지역+업무지역, other_public=공용의청사+기타. 출처 표에 자족시설·도시지원시설 구분이 없어 self_sufficient_pct는 빈칸(업무지역은 commercial에 포함). 비율은 표의 면적으로 재계산(출처 표기 비율과 일치)."
산본,1기,4203000,167896,41974,43.1,4.2,,15.4,15.2,7.8,14.3,"국토교통부 정책정보 「제1기 신도시 건설안내」(신도시택지개발과, 등록 2015-10-27) 도시별 토지이용계획 표",https://www.molit.go.kr/USR/policyData/m_34681/dtl?id=523,"기준 시점은 출처에 명시 없음(1995~96년 준공 사업을 국토부가 정리한 정책자료). 면적은 천㎡ 단위 표기값×1000. housing=주거지역(주택용지), commercial=상업지역+업무지역, other_public=공용의청사+기타. 출처 표에 자족시설·도시지원시설 구분이 없어 self_sufficient_pct는 빈칸(업무지역은 commercial에 포함). 비율은 표의 면적으로 재계산(출처 표기 비율과 일치)."
중동,1기,5456000,165740,41435,34.4,10.4,,10.7,25.9,7.6,11.0,"국토교통부 정책정보 「제1기 신도시 건설안내」(신도시택지개발과, 등록 2015-10-27) 도시별 토지이용계획 표",https://www.molit.go.kr/USR/policyData/m_34681/dtl?id=523,"기준 시점은 출처에 명시 없음(1995~96년 준공 사업을 국토부가 정리한 정책자료). 면적은 천㎡ 단위 표기값×1000. housing=주거지역(주택용지), commercial=상업지역+업무지역, other_public=공용의청사+기타. 출처 표에 자족시설·도시지원시설 구분이 없어 self_sufficient_pct는 빈칸(업무지역은 commercial에 포함). 비율은 표의 면적으로 재계산(출처 표기 비율과 일치). 중동은 업무지역 면적이 ""-""(없음)로 표기됨."
판교,2기,8921788.2,87789,29263,26.6,3.1,4.9,30.0,17.6,3.2,14.7,"성남판교 택지개발사업 개발계획(24차) 및 실시계획(24차) 변경 승인, 국토교통부 고시 제2019-323호(2019-07-03) 토지이용에 관한 계획 표",http://www.eum.go.kr/web/gs/gv/gvGosiDet.jsp?seq=401746,"기준: 개발계획 24차 변경(2019.7, 최종 단계). commercial=상업업무용지(중심·근린상업 1.5%)+주상복합(1.0%)+업무시설(일반·공공업무 0.6%). self_sufficient=도시지원시설(벤처·도시형공장·에듀파크 등). park_green=공원+녹지만(공공공지 2.8%·하천 4.0%·저류지 0.7%는 other_public). road는 고시상 보행자도로 포함. 참고: 국토부 정책정보(id=524) 표는 공원·녹지 37.5%로 하천·공공공지·저류지를 포함한 넓은 기준임."
동탄1,2기,9035000,126000,41500,31.3,5.4,,28.0,16.8,,18.6,"국토교통부 정책정보 「제2기 수도권신도시 건설안내」(신도시택지개발과, 등록 2017-09-15) 화성동탄1 토지이용계획 표",https://www.molit.go.kr/USR/policyData/m_34681/dtl?id=524,"기준 시점 불명(2017년 등록 자료). 출처 표가 주택/상업·업무/도로/공원·녹지/기타 5분류뿐이라 자족시설·학교는 구분 불가 → 빈칸으로 두고 other_public(기타 1,682천㎡)에 합산됨. 면적은 천㎡ 단위×1000, 인구·세대수는 천 단위 반올림 값(126천인, 41.5천호). 비율은 면적으로 재계산(출처 표기 비율은 주택 32.3%·기타 18.5%로 합계 101.0%가 되어 오기로 판단). 이 자료의 공원·녹지는 하천·공공공지 등을 포함한 넓은 기준일 가능성이 높음(판교에서 확인). 최근 변경 고시는 잔여 2단계 구역만 다뤄 전체 표 확인 불가."
동탄2,2기,24029204.8,286000,116500,31.2,5.4,5.6,24.9,17.8,3.2,11.8,"화성동탄(2) 택지개발지구 지정(10차), 개발계획(25차) 및 실시계획(26차) 변경, 국토교통부 고시 제2025-352호(2025-06-30) 토지이용계획(변경) 표",http://www.eum.go.kr/web/gs/gv/gvGosiDet.jsp?seq=615324,"기준: 개발계획 25차 변경(2025.6). commercial=상업업무용지 소계(상업 1.3%+주상복합 2.9%+업무복합·문화복합·업무·준주거 1.2%). self_sufficient=도시지원시설용지. park_green=공원+녹지만(고시상 공원녹지 소계는 공공공지·하천·광장 포함 31.7%). school=학교+유치원. 유통업무설비 0.7%는 other_public. 인구·세대수는 고시에 게재 생략되어 국토부 정책정보(molit.go.kr/USR/policyData/m_34681/dtl?id=524)의 천 단위 값(286천인, 116.5천호) 사용."
김포한강,2기,10864559.7,,,34.0,3.6,3.8,23.7,18.9,3.3,12.7,"김포한강 택지개발사업 지구지정(15차), 개발계획(20차) 및 실시계획(18차) 변경 승인, 국토교통부 고시 제2017-758호(2017-11-23) 토지이용에 관한 계획 표",http://www.eum.go.kr/web/gs/gv/gvGosiDet.jsp?seq=26732,"기준: 개발계획 20차 변경(2017.11). 장기지구(약 0.9㎢) 제외 면적임. 고시번호는 첨부 PDF 본문 기준 제2017-758호(토지이음 목록 화면에는 제2017-785호로 표기). commercial=주상복합(0.8%)+상업+문화예술+업무용지. self_sufficient=자족시설용지+도시지원시설(SciencePark, Business Incubator). park_green=공원+경관녹지+완충녹지만(공공공지 5.2%·유수지 1.8%·하천 0.7%·광장 1.4%는 other_public). 인구·세대수는 고시에 게재 생략 → 빈칸(국토부 정책정보는 장기지구 포함 11.7㎢ 기준 167천인·61.3천호)."
파주운정,2기,16610316,225638,92734,36.0,4.5,1.1,24.2,20.0,4.2,9.9,"①파주운정 택지개발지구 지정변경(6차) 및 개발계획변경(12차), 국토교통부 고시 제2014-902호(2014-12-29) ②파주운정3지구 택지개발사업 개발계획(19차) 및 실시계획(17차) 변경 승인, 국토교통부 고시 제2025-895호(2026-01-05) 각 토지이용계획 총괄 표",http://www.eum.go.kr/web/gs/gv/gvGosiDet.jsp?seq=11075 ; http://www.eum.go.kr/web/gs/gv/gvGosiDet.jsp?seq=634629,"운정(1·2)지구(9,452,624.4㎡, 2014.12 기준)와 운정3지구(7,157,691.6㎡, 2026.1 기준) 두 고시의 변경 후 면적을 합산해 비율 계산(기준 시점이 서로 다름). 인구·세대수도 합산(119,439+106,199인, 47,776+44,958세대). commercial=상업·업무용지+운정3의 복합용지·주상복합용지(주상복합 0.7%). self_sufficient=도시지원용지. park_green=공원+녹지만(하천·유수지·공공공지 제외). road=도로+보행자전용도로. school=학교+유치원+복합형도심대학(0.2%). 운정3 유보지 1.7%는 other_public."
광교,2기,10786948.6,78571,31500,19.3,5.2,4.7,40.2,13.9,3.8,12.9,"광교지구 택지개발사업 지구지정(9차) 개발계획(33차) 및 실시계획(34차) 변경 승인, 국토교통부 고시 제2024-855호(2024-12-24) 토지이용에 관한 계획(변경) 표",http://www.eum.go.kr/web/gs/gv/gvGosiDet.jsp?seq=607130,기준: 개발계획 33차 변경(2024.12). commercial=상업·업무시설용지(상업 1.5%+주상복합 2.1%+업무 1.1%+업무복합 0.5%). self_sufficient=도시지원시설용지. park_green=공원(근린·역사·어린이)+녹지(완충·경관·연결)만; 고시상 공원녹지 소계는 공공공지·하천 포함 44.1%. road=도로+보행자도로(교통광장 1.3%·철도용지 1.2%는 other_public). 컨벤션·물류유통시설·공공청사(2.1%)는 other_public. 인구·세대수는 같은 고시의 실시계획 수용인구 및 주택계획 표.
양주(옥정·회천),2기,11178319.2,176954,70592,36.7,4.5,3.6,24.4,17.6,3.9,9.3,"양주신도시(옥정, 회천) 택지개발사업 지구지정 변경(15차), 개발계획 변경(28차) 등 승인, 국토교통부 고시 제2026-319호(2026-06-30) 토지이용계획(변경) 양주신도시 합계 표",http://www.eum.go.kr/web/gs/gv/gvGosiDet.jsp?seq=640611,"기준: 개발계획 28차 변경(2026.6), 옥정+회천 합계 표의 변경 후 값. commercial=상업·복합·업무용지(상업 2.0%+복합 1.1%+업무 0.4%+주상복합 1.0%). self_sufficient=도시지원시설용지. park_green=공원+녹지만(하천 4.2%·공공공지 0.5% 제외; 포함 시 29.1%). 도로는 단일 항목(보행자도로 별도 구분 없음). 세대수는 옥정 45,518호+회천 25,074호 합산."
위례,2기,6755114.7,110000,44800,36.9,8.0,2.1,21.6,16.0,3.4,11.9,"위례지구 택지개발사업 개발계획 변경(25차) 및 실시계획 변경(23차) 승인, 국토교통부 고시 제2025-86호(2025-02-28) 토지이용에 관한 계획(변경) 표",http://www.eum.go.kr/web/gs/gv/gvGosiDet.jsp?seq=609627,"기준: 개발계획 25차 변경(2025.2; 이후 26차 변경 고시(제2025-199호)는 첨부파일을 확인하지 못함). housing=주택건설용지 소계로 준주거용지 3.0%(주상복합 아파트 포함)가 들어 있음. commercial=상업업무시설용지(일반·근린상업 1.5%+일반업무 3.9%+유통업무 0.3%+복합용지 2.2%). self_sufficient=도시지원시설용지. park_green=공원+녹지만(공공공지 1.1%·하천 2.4% 제외). 신교통(트램) 0.5%·교통광장 1.1%는 other_public. 인구·세대수는 고시에 게재 생략되어 국토부 정책정보(molit.go.kr/USR/policyData/m_34681/dtl?id=524)의 천 단위 값(110천인, 44.8천호) 사용."
평택고덕,2기,13357237.5,147221,61285,33.1,5.2,5.4,21.5,19.6,3.6,11.5,"고덕국제화계획지구 택지개발사업 개발계획(18차) 및 실시계획(16차) 변경, 국토교통부 고시 제2025-537호(2025-09-29) 토지이용에 관한 계획(변경) 표",http://www.eum.go.kr/web/gs/gv/gvGosiDet.jsp?seq=621771,기준: 개발계획 18차 변경(2025.9). commercial=상업+업무+업무복합+문화복합+주상복합(0.5%)용지. self_sufficient=자족시설용지(복합용지 1.8%+도시지원시설용지 3.6%). park_green=공원+녹지만(공공공지·광장 제외). road=도로+보행자전용도로(녹도형 0.9% 포함). school=초·중·고+유치원+기타교육시설(0.9%). 하천 2.1%·군용지 1.7%·유보지 2.0%·운동장 1.0%는 other_public.
인천검단,2기,11109137.3,187097,75857,36.8,5.4,4.7,27.0,15.1,3.5,7.4,"인천검단지구 택지개발사업 개발계획 변경(14차) 및 실시계획 변경(13차) 승인, 국토교통부 고시 제2025-697호(2025-12-03) 토지이용계획(변경) 표",http://www.eum.go.kr/web/gs/gv/gvGosiDet.jsp?seq=624940,기준: 개발계획 14차 변경(2025.12). commercial=상업업무시설용지(상업 1.9%+업무 2.2%(공공청사·법원 등 포함)+주상복합 1.3%). self_sufficient=도시지원시설용지. park_green=공원+녹지만(고시상 공원·녹지 소계는 하천·유수지·보행자도로·일반광장 포함 30.1%). road=도로+보행자도로. school=학교 소계(유치원~고교·특수학교·대학교 0.3% 포함). 물류유통시설용지 1.7%는 other_public에 넣음(자족용지로 볼 경우 self_sufficient 6.5%).
남양주왕숙,3기,8654278,125335,53534,24.7,4.9,11.9,26.5,15.3,3.9,13.0,"남양주왕숙 공공주택지구 지정변경(1차) 및 지구계획 승인, 국토교통부 고시 제2021-1039호(2021-08-31) 토지이용계획 표",http://www.eum.go.kr/web/gs/gv/gvGosiDet.jsp?seq=510450,기준: 지구계획 최초 승인(2021.8). commercial=상업시설(1.5%)+주상복합(2.6%)+주거유형복합(0.8%). self_sufficient=도시지원시설 소계 11.9%(자족·업무·산업시설 외에 공공복합·문화·커뮤니티·보육·공공업무시설·복합형 유보지 포함). park_green=공원+녹지만(고시상 공원녹지 소계는 하천 7.8%·광장·공공공지·보행자전용도로 포함 34.7%). road=도로+보행자도로+보행자전용도로(교통광장 2.2%·철도 0.8%는 other_public). 이후 지구계획 변경 고시가 여러 차례 있었으므로 최신 수치는 다를 수 있음.
남양주왕숙2,3기,2393384.5,33426,14410,26.0,7.1,8.2,29.1,17.1,3.8,8.6,"남양주왕숙2 공공주택지구 지정변경(2차) 및 지구계획 승인, 국토교통부 고시 제2021-1040호(2021-08-31) 토지이용계획 표",http://www.eum.go.kr/web/gs/gv/gvGosiDet.jsp?seq=510461,"기준: 지구계획 최초 승인(2021.8). commercial=상업시설(1.1%)+복합시설(주상복합 5.0%+공공복합 0.7%+문화복합 0.3%). self_sufficient=도시지원시설(자족 5.6%+업무 1.5%+문화 1.1%). park_green=공원+녹지만(고시상 공원녹지 소계는 광장·하천 4.0% 포함 33.4%). road=도로+보행자도로. 세대수는 주택건설계획 표 합계 14,410호(본문 문장의 ""33,426호""는 인구수와 같은 오기로 판단). 이후 지구계획 변경 고시가 여러 차례 있었으므로 최신 수치는 다를 수 있음."
하남교산,3기,6314121,77925,33037,23.3,5.8,12.0,29.4,16.2,3.6,9.7,"하남교산 공공주택지구 지정변경(1차) 및 지구계획 승인, 국토교통부 고시 제2021-1041호(2021-08-31) 토지이용계획 표",http://www.eum.go.kr/web/gs/gv/gvGosiDet.jsp?seq=510474,기준: 지구계획 최초 승인(2021.8). commercial=상업시설(0.2%)+복합시설(주상복합 2.7%+중심복합 2.8%). self_sufficient=도시지원시설 소계(자족 10.8%+업무·의료·문화산업·문화·농업관련시설). park_green=공원+녹지만(고시상 공원녹지 소계는 하천 5.2%·광장·공공공지 포함 35.0%). road=도로+보행자도로. 이후 지구계획 변경 고시가 여러 차례 있었으므로 최신 수치는 다를 수 있음.
인천계양,3기,3331714,38996,17289,19.8,8.4,20.5,24.3,16.9,3.4,6.6,"인천계양 테크노밸리 공공주택지구 지정변경(2차) 및 지구계획 승인, 국토교통부 고시 제2021-825호(2021-06-03) 토지이용계획 표",http://www.eum.go.kr/web/gs/gv/gvGosiDet.jsp?seq=503436,기준: 지구계획 최초 승인(2021.6; 2021.8 정정고시 제2021-1018호는 도로 결정조서 정정으로 이 표와 무관함을 확인). commercial=상업시설(1.1%)+복합용지(주상복합 6.2%+근린업무복합 1.0%). self_sufficient=도시지원시설용지(자족 19.8%+업무 0.7%). park_green=공원+녹지만(고시상 공원녹지 소계는 하천·공공공지·보행자도로·광장 포함 27.0%). road=도로+보행자도로(폭 10m 이상). 유보지 2.5%는 other_public. 이후 지구계획 변경 고시가 여러 차례 있었으므로 최신 수치는 다를 수 있음.
고양창릉,3기,7890019,83290,37889,23.1,3.4,9.2,29.9,15.1,3.2,16.1,"고양창릉 공공주택지구 지정변경(2차) 및 지구계획 승인, 국토교통부 고시 제2021-1285호(2021-11-30) 토지이용계획 표",http://www.eum.go.kr/web/gs/gv/gvGosiDet.jsp?seq=517617,기준: 지구계획 최초 승인(2021.11). commercial=상업시설(상업 0.5%+유통업무 0.2%)+복합(주상복합 1.8%+공공복합 0.9%). self_sufficient=도시지원시설 소계(업무 3.4%+자족 3.5%+중심복합 1.2%+자족복합 0.9%+문화복합 0.2%). park_green=공원+녹지만(고시상 공원녹지 소계는 하천 8.7% 포함 38.6%). road=일반도로+보행자도로. 유보지 5.0%는 other_public. 이후 지구계획 변경 고시가 여러 차례 있었으므로 최신 수치는 다를 수 있음.
부천대장,3기,3419544,42969,19500,21.3,8.9,13.2,25.7,19.1,3.3,8.6,"부천대장 공공주택지구 지정변경(1차) 및 지구계획 승인, 국토교통부 고시 제2021-1284호(2021-11-30) 토지이용계획 표",http://www.eum.go.kr/web/gs/gv/gvGosiDet.jsp?seq=517631,"기준: 지구계획 최초 승인(2021.11). 총면적은 훼손지복구용지(근린공원 142,309㎡, 4.2%)를 포함한 총계이며 비율도 총계 대비(""전체 구성비""). commercial=상업시설(1.6%)+복합시설(주상복합 3.7%+공공복합 2.3%+중심복합 1.2%). self_sufficient=도시지원시설(첨단산업 8.3%+R&D 3.9%+업무 0.9%). park_green=공원+녹지+훼손지복구용지 공원(고시상 공원녹지 소계는 공공공지·하천 4.8%·보행자도로 포함 28.1%, 훼손지복구 공원 더하면 32.2%). road=도로 소계+폭 10m 이상 보행자도로. 유보지 2.0%는 other_public. 이후 지구계획 변경 고시가 여러 차례 있었으므로 최신 수치는 다를 수 있음."
